Sample #,Unique Soil ID,Set,Set ID,Soil ID,Rep,Soil.mass,SOC.mass.class,SOC.mass,mmol.Mn.reduced,mmol.C.oxidized,POXC,POXC.max.theoretical,Detectable,SOC.pct,pH,Clay.pct
1,1,UIUC,1,UIUC-1,a,2.5,std,41.25,0.0616,0.0462,222,1440,1,1.65,5,71.65
2,1,UIUC,1,UIUC-1,b,2.5,std,41.25,0.0661,0.0496,238,1440,1,1.65,5,71.65
3,1,UIUC,1,UIUC-1,c,2.5,std,41.25,0.0733,0.0549,264,1440,1,1.65,5,71.65
4,1,UIUC,1,UIUC-1,a,0.9,15mg,14.85,0.0295,0.0222,295,4000,1,1.65,5,71.65
5,1,UIUC,1,UIUC-1,b,0.9,15mg,14.85,0.4036,0.3027,4036,4000,0,1.65,5,71.65
6,1,UIUC,1,UIUC-1,c,0.9,15mg,14.85,0.0341,0.0256,341,4000,1,1.65,5,71.65
7,1,UIUC,1,UIUC-1,a,1.51,25mg,24.915,0.0265,0.0199,158,2384,1,1.65,5,71.65
8,1,UIUC,1,UIUC-1,b,1.51,25mg,24.915,0.0529,0.0397,315,2384,1,1.65,5,71.65
9,1,UIUC,1,UIUC-1,c,1.51,25mg,24.915,0.0478,0.0359,285,2384,1,1.65,5,71.65
10,2,UIUC,2,UIUC-2,a,2.5,std,14.5,0.0489,0.0366,176,1440,1,0.58,8,47.97
11,2,UIUC,2,UIUC-2,b,2.5,std,14.5,0.0941,0.0706,339,1440,1,0.58,8,47.97
12,2,UIUC,2,UIUC-2,c,2.5,std,14.5,0.1114,0.0835,401,1440,1,0.58,8,47.97
13,2,UIUC,2,UIUC-2,a,2.58,15mg,14.964,0.1388,0.1041,484,1395,1,0.58,8,47.97
14,2,UIUC,2,UIUC-2,b,2.58,15mg,14.964,0.0865,0.0649,302,1395,1,0.58,8,47.97
15,2,UIUC,2,UIUC-2,c,2.58,15mg,14.964,0.1246,0.0934,435,1395,1,0.58,8,47.97
16,2,UIUC,2,UIUC-2,a,4.31,25mg,24.998,0.2013,0.151,420,835,1,0.58,8,47.97
17,2,UIUC,2,UIUC-2,b,4.31,25mg,24.998,0.2232,0.1674,466,835,1,0.58,8,47.97
18,2,UIUC,2,UIUC-2,c,4.31,25mg,24.998,0.1541,0.1155,322,835,1,0.58,8,47.97
19,3,UIUC,3,UIUC-3,a,2.5,std,35,0.0396,0.0297,143,1440,1,1.4,5.6,69.44
20,3,UIUC,3,UIUC-3,b,2.5,std,35,0.0449,0.0337,162,1440,1,1.4,5.6,69.44
21,3,UIUC,3,UIUC-3,c,2.5,std,35,0.056,0.042,202,1440,1,1.4,5.6,69.44
22,3,UIUC,3,UIUC-3,a,1.07,15mg,14.98,0.0132,0.0099,111,3364,1,1.4,5.6,69.44
23,3,UIUC,3,UIUC-3,b,1.07,15mg,14.98,0.0074,0.0055,62,3364,1,1.4,5.6,69.44
24,3,UIUC,3,UIUC-3,c,1.07,15mg,14.98,0.0116,0.0087,98,3364,1,1.4,5.6,69.44
25,3,UIUC,3,UIUC-3,a,1.78,25mg,24.92,0.0348,0.0261,176,2022,1,1.4,5.6,69.44
26,3,UIUC,3,UIUC-3,b,1.78,25mg,24.92,0.0766,0.0574,387,2022,1,1.4,5.6,69.44
27,3,UIUC,3,UIUC-3,c,1.78,25mg,24.92,0.0348,0.0261,176,2022,1,1.4,5.6,69.44
28,4,UIUC,4,UIUC-4,a,2.5,std,44,0.0924,0.0693,333,1440,1,1.76,7.7,44.63
29,4,UIUC,4,UIUC-4,b,2.5,std,44,0.1067,0.08,384,1440,1,1.76,7.7,44.63
30,4,UIUC,4,UIUC-4,c,2.5,std,44,0.1109,0.0832,399,1440,1,1.76,7.7,44.63
31,4,UIUC,4,UIUC-4,a,0.85,15mg,14.96,0.0438,0.0329,464,4235,1,1.76,7.7,44.63
32,4,UIUC,4,UIUC-4,b,0.85,15mg,14.96,0.0465,0.0348,492,4235,1,1.76,7.7,44.63
33,4,UIUC,4,UIUC-4,c,0.85,15mg,14.96,0.0544,0.0408,576,4235,1,1.76,7.7,44.63
34,4,UIUC,4,UIUC-4,a,1.42,25mg,24.992,0.075,0.0562,475,2535,1,1.76,7.7,44.63
35,4,UIUC,4,UIUC-4,b,1.42,25mg,24.992,0.0861,0.0646,546,2535,1,1.76,7.7,44.63
36,4,UIUC,4,UIUC-4,c,1.42,25mg,24.992,0.0861,0.0646,546,2535,1,1.76,7.7,44.63
37,5,UIUC,5,UIUC-5,a,2.5,std,39.25,0.1321,0.099,475,1440,1,1.57,6.1,39.16
38,5,UIUC,5,UIUC-5,b,2.5,std,39.25,0.1358,0.1018,489,1440,1,1.57,6.1,39.16
39,5,UIUC,5,UIUC-5,c,2.5,std,39.25,0.1442,0.1082,519,1440,1,1.57,6.1,39.16
40,5,UIUC,5,UIUC-5,a,0.95,15mg,14.915,0.0507,0.038,480,3789,1,1.57,6.1,39.16
41,5,UIUC,5,UIUC-5,b,0.95,15mg,14.915,0.065,0.0487,615,3789,1,1.57,6.1,39.16
42,5,UIUC,5,UIUC-5,c,0.95,15mg,14.915,0.0496,0.0372,470,3789,1,1.57,6.1,39.16
43,5,UIUC,5,UIUC-5,a,1.59,25mg,24.963,0.0924,0.0693,523,2264,1,1.57,6.1,39.16
44,5,UIUC,5,UIUC-5,b,1.59,25mg,24.963,0.0877,0.0658,496,2264,1,1.57,6.1,39.16
45,5,UIUC,5,UIUC-5,c,1.59,25mg,24.963,0.0692,0.0519,392,2264,1,1.57,6.1,39.16
46,6,UIUC,6,UIUC-6,a,2.5,std,24.75,0.0477,0.0358,172,1440,1,0.99,7,54.04
47,6,UIUC,6,UIUC-6,b,2.5,std,24.75,0.0755,0.0567,272,1440,1,0.99,7,54.04
48,6,UIUC,6,UIUC-6,c,2.5,std,24.75,0.075,0.0563,270,1440,1,0.99,7,54.04
49,6,UIUC,6,UIUC-6,a,1.51,15mg,14.949,0.0565,0.0423,336,2384,1,0.99,7,54.04
50,6,UIUC,6,UIUC-6,b,1.51,15mg,14.949,0.0456,0.0342,272,2384,1,0.99,7,54.04
51,6,UIUC,6,UIUC-6,c,1.51,15mg,14.949,0.0528,0.0396,315,2384,1,0.99,7,54.04
52,6,UIUC,6,UIUC-6,a,2.52,25mg,24.948,0.0461,0.0346,165,1429,1,0.99,7,54.04
53,6,UIUC,6,UIUC-6,b,2.52,25mg,24.948,0.0838,0.0628,299,1429,1,0.99,7,54.04
54,6,UIUC,6,UIUC-6,c,2.52,25mg,24.948,0.0879,0.0659,314,1429,1,0.99,7,54.04
55,7,UIUC,7,UIUC-7,a,2.5,std,207.25,0.3297,0.2473,1187,1440,1,8.29,7.7,23.58
56,7,UIUC,7,UIUC-7,b,2.5,std,207.25,0.3277,0.2457,1180,1440,1,8.29,7.7,23.58
57,7,UIUC,7,UIUC-7,c,2.5,std,207.25,0.3313,0.2485,1193,1440,1,8.29,7.7,23.58
58,7,UIUC,7,UIUC-7,a,0.18,15mg,14.922,0.0441,0.0331,2204,20000,1,8.29,7.7,23.58
59,7,UIUC,7,UIUC-7,b,0.18,15mg,14.922,0.0436,0.0327,2178,20000,1,8.29,7.7,23.58
60,7,UIUC,7,UIUC-7,c,0.18,15mg,14.922,0.0534,0.04,2668,20000,1,8.29,7.7,23.58
61,7,UIUC,7,UIUC-7,a,0.3,25mg,24.87,0.0709,0.0532,2127,12000,1,8.29,7.7,23.58
62,7,UIUC,7,UIUC-7,b,0.3,25mg,24.87,0.0657,0.0493,1972,12000,1,8.29,7.7,23.58
63,7,UIUC,7,UIUC-7,c,0.3,25mg,24.87,0.058,0.0435,1740,12000,1,8.29,7.7,23.58
64,8,UIUC,8,UIUC-8,a,2.5,std,942,0.388,0.291,1397,1440,1,37.68,5.3,12.5
65,8,UIUC,8,UIUC-8,b,2.5,std,942,0.3911,0.2933,1408,1440,1,37.68,5.3,12.5
66,8,UIUC,8,UIUC-8,c,2.5,std,942,0.4004,0.3003,1441,1440,0,37.68,5.3,12.5
67,8,UIUC,8,UIUC-8,a,0.04,15mg,15.072,0.0338,0.0253,7598,90000,1,37.68,5.3,12.5
68,8,UIUC,8,UIUC-8,b,0.04,15mg,15.072,0.0266,0.0199,5974,90000,1,37.68,5.3,12.5
69,8,UIUC,8,UIUC-8,c,4,15mg,1507.2,0.0358,0.0269,81,900,1,37.68,5.3,12.5
70,8,UIUC,8,UIUC-8,a,0.06,25mg,22.608,0.073,0.0547,10943,60000,1,37.68,5.3,12.5
71,8,UIUC,8,UIUC-8,b,0.06,25mg,22.608,0.0575,0.0431,8623,60000,1,37.68,5.3,12.5
72,8,UIUC,8,UIUC-8,c,0.06,25mg,22.608,0.0606,0.0454,9087,60000,1,37.68,5.3,12.5
73,9,UIUC,9,UIUC-9,a,2.5,std,742,0.3962,0.2972,1426,1440,1,29.68,7.7,12.5
74,9,UIUC,9,UIUC-9,b,2.5,std,742,0.3978,0.2983,1432,1440,1,29.68,7.7,12.5
75,9,UIUC,9,UIUC-9,c,2.5,std,742,0.3993,0.2995,1438,1440,1,29.68,7.7,12.5
76,9,UIUC,9,UIUC-9,a,0.05,15mg,14.84,0.0828,0.0621,14895,72000,1,29.68,7.7,12.5
77,9,UIUC,9,UIUC-9,b,0.05,15mg,14.84,0.0565,0.0423,10162,72000,1,29.68,7.7,12.5
78,9,UIUC,9,UIUC-9,c,0.05,15mg,14.84,0.0575,0.0431,10348,72000,1,29.68,7.7,12.5
79,9,UIUC,9,UIUC-9,a,0.08,25mg,23.744,0.0642,0.0481,7221,45000,1,29.68,7.7,12.5
80,9,UIUC,9,UIUC-9,b,0.08,25mg,23.744,0.0652,0.0489,7337,45000,1,29.68,7.7,12.5
81,9,UIUC,9,UIUC-9,c,0.08,25mg,23.744,0.0673,0.0505,7569,45000,1,29.68,7.7,12.5
82,10,UIUC,10,UIUC-10,a,2.5,std,83.5,0.1606,0.1205,578,1440,1,3.34,4.8,10.19
83,10,UIUC,10,UIUC-10,b,2.5,std,83.5,0.1689,0.1266,608,1440,1,3.34,4.8,10.19
84,10,UIUC,10,UIUC-10,c,2.5,std,83.5,0.1694,0.127,610,1440,1,3.34,4.8,10.19
85,10,UIUC,10,UIUC-10,a,0.44,15mg,14.696,0.042,0.0315,859,8182,1,3.34,4.8,10.19
86,10,UIUC,10,UIUC-10,b,0.44,15mg,14.696,0.0343,0.0257,701,8182,1,3.34,4.8,10.19
87,10,UIUC,10,UIUC-10,c,0.44,15mg,14.696,-0.0142,-0.0106,-290,8182,1,3.34,4.8,10.19
88,10,UIUC,10,UIUC-10,a,0.74,25mg,24.716,0.0663,0.0497,806,4865,1,3.34,4.8,10.19
89,10,UIUC,10,UIUC-10,b,0.74,25mg,24.716,0.059,0.0443,718,4865,1,3.34,4.8,10.19
90,10,UIUC,10,UIUC-10,c,0.74,25mg,24.716,0.0585,0.0439,712,4865,1,3.34,4.8,10.19
91,11,UIUC,11,UIUC-11,a,2.5,std,31,0.0549,0.0412,198,1440,1,1.24,4.5,17.63
92,11,UIUC,11,UIUC-11,b,2.5,std,31,0.0528,0.0396,190,1440,1,1.24,4.5,17.63
93,11,UIUC,11,UIUC-11,c,2.5,std,31,0.0565,0.0423,203,1440,1,1.24,4.5,17.63
94,11,UIUC,11,UIUC-11,a,1.2,15mg,14.88,0.0302,0.0226,226,3000,1,1.24,4.5,17.63
95,11,UIUC,11,UIUC-11,b,1.2,15mg,14.88,0.0291,0.0218,218,3000,1,1.24,4.5,17.63
96,11,UIUC,11,UIUC-11,c,1.2,15mg,14.88,0.0271,0.0203,203,3000,1,1.24,4.5,17.63
97,11,UIUC,11,UIUC-11,a,2.01,25mg,24.924,0.0503,0.0377,225,1791,1,1.24,4.5,17.63
98,11,UIUC,11,UIUC-11,b,2.01,25mg,24.924,0.0503,0.0377,225,1791,1,1.24,4.5,17.63
99,11,UIUC,11,UIUC-11,c,2.01,25mg,24.924,0.0498,0.0373,223,1791,1,1.24,4.5,17.63
100,12,UIUC,12,UIUC-12,a,2.5,std,37,0.124,0.093,446,1440,1,1.48,6.6,28.08
101,12,UIUC,12,UIUC-12,b,2.5,std,37,0.1188,0.0891,428,1440,1,1.48,6.6,28.08
102,12,UIUC,12,UIUC-12,c,2.5,std,37,0.1281,0.0961,461,1440,1,1.48,6.6,28.08
103,12,UIUC,12,UIUC-12,a,1.01,15mg,14.948,0.0528,0.0396,471,3564,1,1.48,6.6,28.08
104,12,UIUC,12,UIUC-12,b,1.01,15mg,14.948,0.0451,0.0338,402,3564,1,1.48,6.6,28.08
105,12,UIUC,12,UIUC-12,c,1.01,15mg,14.948,0.0528,0.0396,471,3564,1,1.48,6.6,28.08
106,12,UIUC,12,UIUC-12,a,1.68,25mg,24.864,0.0828,0.0621,443,2143,1,1.48,6.6,28.08
107,12,UIUC,12,UIUC-12,b,1.68,25mg,24.864,0.0864,0.0648,463,2143,1,1.48,6.6,28.08
108,12,UIUC,12,UIUC-12,c,1.68,25mg,24.864,0.0833,0.0625,446,2143,1,1.48,6.6,28.08
109,13,UIUC,13,UIUC-13,a,2.5,std,91.25,0.4018,0.3013,1446,1440,0,3.65,6,31.66
110,13,UIUC,13,UIUC-13,b,2.5,std,91.25,0.4018,0.3013,1446,1440,0,3.65,6,31.66
111,13,UIUC,13,UIUC-13,c,2.5,std,91.25,0.4018,0.3013,1446,1440,0,3.65,6,31.66
112,13,UIUC,13,UIUC-13,a,0.41,15mg,14.965,0.4018,0.3013,8819,8780,0,3.65,6,31.66
113,13,UIUC,13,UIUC-13,b,0.41,15mg,14.965,0.4018,0.3013,8819,8780,0,3.65,6,31.66
114,13,UIUC,13,UIUC-13,c,0.41,15mg,14.965,0.4018,0.3013,8819,8780,0,3.65,6,31.66
115,13,UIUC,13,UIUC-13,a,0.68,25mg,24.82,0.4018,0.3013,5317,5294,0,3.65,6,31.66
116,13,UIUC,13,UIUC-13,b,0.68,25mg,24.82,0.4018,0.3013,5317,5294,0,3.65,6,31.66
117,13,UIUC,13,UIUC-13,c,0.68,25mg,24.82,0.4018,0.3013,5317,5294,0,3.65,6,31.66
118,14,UIUC,14,UIUC-14,a,2.5,std,28.5,0.4018,0.3013,1446,1440,0,1.14,8.1,27.46
119,14,UIUC,14,UIUC-14,b,2.5,std,28.5,0.4018,0.3013,1446,1440,0,1.14,8.1,27.46
120,14,UIUC,14,UIUC-14,c,2.5,std,28.5,0.4018,0.3013,1446,1440,0,1.14,8.1,27.46
121,14,UIUC,14,UIUC-14,a,0.48,15mg,5.472,0.4018,0.3013,7533,7500,0,1.14,8.1,27.46
122,14,UIUC,14,UIUC-14,b,0.48,15mg,5.472,0.4018,0.3013,7533,7500,0,1.14,8.1,27.46
123,14,UIUC,14,UIUC-14,c,0.48,15mg,5.472,0.4018,0.3013,7533,7500,0,1.14,8.1,27.46
124,14,UIUC,14,UIUC-14,a,0.8,25mg,9.12,0.4018,0.3013,4520,4500,0,1.14,8.1,27.46
125,14,UIUC,14,UIUC-14,b,0.8,25mg,9.12,0.4018,0.3013,4520,4500,0,1.14,8.1,27.46
126,14,UIUC,14,UIUC-14,c,0.8,25mg,9.12,0.4018,0.3013,4520,4500,0,1.14,8.1,27.46
127,15,UIUC,15,UIUC-15,a,2.5,std,77.5,0.4018,0.3013,1446,1440,0,3.1,6.1,28.36
128,15,UIUC,15,UIUC-15,b,2.5,std,77.5,0.4018,0.3013,1446,1440,0,3.1,6.1,28.36
129,15,UIUC,15,UIUC-15,c,2.5,std,77.5,0.4018,0.3013,1446,1440,0,3.1,6.1,28.36
130,15,UIUC,15,UIUC-15,a,1.35,15mg,41.85,0.4018,0.3013,2678,2667,0,3.1,6.1,28.36
131,15,UIUC,15,UIUC-15,b,1.35,15mg,41.85,0.4018,0.3013,2678,2667,0,3.1,6.1,28.36
132,15,UIUC,15,UIUC-15,c,1.35,15mg,41.85,0.4018,0.3013,2678,2667,0,3.1,6.1,28.36
133,15,UIUC,15,UIUC-15,a,2.25,25mg,69.75,0.4018,0.3013,1607,1600,0,3.1,6.1,28.36
134,15,UIUC,15,UIUC-15,b,2.25,25mg,69.75,0.4018,0.3013,1607,1600,0,3.1,6.1,28.36
135,15,UIUC,15,UIUC-15,c,2.25,25mg,69.75,0.4018,0.3013,1607,1600,0,3.1,6.1,28.36
136,16,UIUC,16,UIUC-16,a,2.5,std,27.75,0.4018,0.3013,1446,1440,0,1.11,8,25.57
137,16,UIUC,16,UIUC-16,b,2.5,std,27.75,0.4018,0.3013,1446,1440,0,1.11,8,25.57
138,16,UIUC,16,UIUC-16,c,2.5,std,27.75,0.4018,0.3013,1446,1440,0,1.11,8,25.57
139,16,UIUC,16,UIUC-16,a,1.35,15mg,14.985,0.4018,0.3013,2678,2667,0,1.11,8,25.57
140,16,UIUC,16,UIUC-16,b,1.35,15mg,14.985,0.4018,0.3013,2678,2667,0,1.11,8,25.57
141,16,UIUC,16,UIUC-16,c,1.35,15mg,14.985,0.4018,0.3013,2678,2667,0,1.11,8,25.57
142,16,UIUC,16,UIUC-16,a,2.25,25mg,24.975,0.4018,0.3013,1607,1600,0,1.11,8,25.57
143,16,UIUC,16,UIUC-16,b,2.25,25mg,24.975,0.4018,0.3013,1607,1600,0,1.11,8,25.57
144,16,UIUC,16,UIUC-16,c,2.25,25mg,24.975,0.4018,0.3013,1607,1600,0,1.11,8,25.57
145,17,UIUC,18,UIUC-18,a,2.5,std,58.75,0.1625,0.1218,585,1440,1,2.35,5.7,30
146,17,UIUC,18,UIUC-18,b,2.5,std,58.75,0.1675,0.1256,603,1440,1,2.35,5.7,30
147,17,UIUC,18,UIUC-18,c,2.5,std,58.75,0.1665,0.1249,599,1440,1,2.35,5.7,30
148,17,UIUC,18,UIUC-18,a,0.63,15mg,14.805,0.0526,0.0394,751,5714,1,2.35,5.7,30
149,17,UIUC,18,UIUC-18,b,0.63,15mg,14.805,0.0551,0.0413,787,5714,1,2.35,5.7,30
150,17,UIUC,18,UIUC-18,c,0.63,15mg,14.805,0.0505,0.0379,722,5714,1,2.35,5.7,30
151,17,UIUC,18,UIUC-18,a,1.06,25mg,24.91,0.0556,0.0417,472,3396,1,2.35,5.7,30
152,17,UIUC,18,UIUC-18,b,1.06,25mg,24.91,0.0787,0.059,668,3396,1,2.35,5.7,30
153,17,UIUC,18,UIUC-18,c,1.06,25mg,24.91,0.0862,0.0646,732,3396,1,2.35,5.7,30
154,18,UIUC,19,UIUC-19,a,2.5,std,20.75,0.0405,0.0304,146,1440,1,0.83,6.1,7.52
155,18,UIUC,19,UIUC-19,b,2.5,std,20.75,0.048,0.036,173,1440,1,0.83,6.1,7.52
156,18,UIUC,19,UIUC-19,c,2.5,std,20.75,0.0495,0.0372,178,1440,1,0.83,6.1,7.52
157,18,UIUC,19,UIUC-19,a,0.63,15mg,5.229,0.037,0.0277,529,5714,1,0.83,6.1,7.52
158,18,UIUC,19,UIUC-19,b,0.63,15mg,5.229,0.036,0.027,514,5714,1,0.83,6.1,7.52
159,18,UIUC,19,UIUC-19,c,0.63,15mg,5.229,0.0385,0.0289,550,5714,1,0.83,6.1,7.52
160,18,UIUC,19,UIUC-19,a,1.06,25mg,8.798,0.0571,0.0428,485,3396,1,0.83,6.1,7.52
161,18,UIUC,19,UIUC-19,b,1.06,25mg,8.798,0.0586,0.0439,497,3396,1,0.83,6.1,7.52
162,18,UIUC,19,UIUC-19,c,1.06,25mg,8.798,0.0526,0.0394,446,3396,1,0.83,6.1,7.52
163,19,UIUC,20,UIUC-20,a,2.5,std,103.25,0.1228,0.0921,442,1440,1,4.13,5.8,23.55
164,19,UIUC,20,UIUC-20,b,2.5,std,103.25,0.1258,0.0944,453,1440,1,4.13,5.8,23.55
165,19,UIUC,20,UIUC-20,c,2.5,std,103.25,0.1258,0.0944,453,1440,1,4.13,5.8,23.55
166,19,UIUC,20,UIUC-20,a,1.8,15mg,74.34,0.0325,0.0244,162,2000,1,4.13,5.8,23.55
167,19,UIUC,20,UIUC-20,b,1.8,15mg,74.34,0.0631,0.0473,315,2000,1,4.13,5.8,23.55
168,19,UIUC,20,UIUC-20,c,1.8,15mg,74.34,0.0345,0.0259,172,2000,1,4.13,5.8,23.55
169,19,UIUC,20,UIUC-20,a,3.01,25mg,124.313,0.0415,0.0311,124,1196,1,4.13,5.8,23.55
170,19,UIUC,20,UIUC-20,b,3.01,25mg,124.313,0.042,0.0315,126,1196,1,4.13,5.8,23.55
171,19,UIUC,20,UIUC-20,c,3.01,25mg,124.313,0.0611,0.0458,183,1196,1,4.13,5.8,23.55
172,20,UIUC,21,UIUC-21,a,2.5,std,175.75,0.2468,0.1851,888,1440,1,7.03,5.4,12.77
173,20,UIUC,21,UIUC-21,b,2.5,std,175.75,0.2387,0.1791,859,1440,1,7.03,5.4,12.77
174,20,UIUC,21,UIUC-21,c,2.5,std,175.75,0.2573,0.193,926,1440,1,7.03,5.4,12.77
175,20,UIUC,21,UIUC-21,a,0.21,15mg,14.763,0.0104,0.0078,446,17143,1,7.03,5.4,12.77
176,20,UIUC,21,UIUC-21,b,0.21,15mg,14.763,0.044,0.033,1887,17143,1,7.03,5.4,12.77
177,20,UIUC,21,UIUC-21,c,0.21,15mg,14.763,0.0295,0.0221,1263,17143,1,7.03,5.4,12.77
178,20,UIUC,21,UIUC-21,a,0.35,25mg,24.605,0.0521,0.039,1338,10286,1,7.03,5.4,12.77
179,20,UIUC,21,UIUC-21,b,0.35,25mg,24.605,0.04,0.03,1029,10286,1,7.03,5.4,12.77
180,20,UIUC,21,UIUC-21,c,0.35,25mg,24.605,0.0566,0.0424,1455,10286,1,7.03,5.4,12.77
181,21,UIUC,22,UIUC-22,a,2.5,std,222.75,0.0999,0.075,360,1440,1,8.91,8.1,22.54
182,21,UIUC,22,UIUC-22,b,2.5,std,222.75,0.107,0.0802,385,1440,1,8.91,8.1,22.54
183,21,UIUC,22,UIUC-22,c,2.5,std,222.75,0.111,0.0832,400,1440,1,8.91,8.1,22.54
184,21,UIUC,22,UIUC-22,a,0.16,15mg,14.256,0.0125,0.0094,705,22500,1,8.91,8.1,22.54
185,21,UIUC,22,UIUC-22,b,0.16,15mg,14.256,0.015,0.0113,846,22500,1,8.91,8.1,22.54
186,21,UIUC,22,UIUC-22,c,0.16,15mg,14.256,0.014,0.0105,789,22500,1,8.91,8.1,22.54
187,21,UIUC,22,UIUC-22,a,0.28,25mg,24.948,0.0206,0.0154,661,12857,1,8.91,8.1,22.54
188,21,UIUC,22,UIUC-22,b,0.28,25mg,24.948,0.0216,0.0162,693,12857,1,8.91,8.1,22.54
189,21,UIUC,22,UIUC-22,c,0.28,25mg,24.948,0.015,0.0113,483,12857,1,8.91,8.1,22.54
190,22,UIUC,23,UIUC-23,a,2.5,std,22.25,0.0562,0.0422,202,1440,1,0.89,7.3,20.26
191,22,UIUC,23,UIUC-23,b,2.5,std,22.25,0.0693,0.052,249,1440,1,0.89,7.3,20.26
192,22,UIUC,23,UIUC-23,c,2.5,std,22.25,0.0698,0.0523,251,1440,1,0.89,7.3,20.26
193,22,UIUC,23,UIUC-23,a,1.68,15mg,14.952,0.0422,0.0316,226,2143,1,0.89,7.3,20.26
194,22,UIUC,23,UIUC-23,b,1.68,15mg,14.952,0.0386,0.029,207,2143,1,0.89,7.3,20.26
195,22,UIUC,23,UIUC-23,c,1.68,15mg,14.952,0.0422,0.0316,226,2143,1,0.89,7.3,20.26
196,22,UIUC,23,UIUC-23,a,2.8,25mg,24.92,0.0743,0.0557,239,1286,1,0.89,7.3,20.26
197,22,UIUC,23,UIUC-23,b,2.8,25mg,24.92,0.0703,0.0527,226,1286,1,0.89,7.3,20.26
198,22,UIUC,23,UIUC-23,c,2.8,25mg,24.92,0.0743,0.0557,239,1286,1,0.89,7.3,20.26
199,23,UIUC,24,UIUC-24,a,2.5,std,38.25,0.0803,0.0603,289,1440,1,1.53,6.4,2.51
200,23,UIUC,24,UIUC-24,b,2.5,std,38.25,0.0658,0.0493,237,1440,1,1.53,6.4,2.51
201,23,UIUC,24,UIUC-24,c,2.5,std,38.25,0.0844,0.0633,304,1440,1,1.53,6.4,2.51
202,23,UIUC,24,UIUC-24,a,0.98,15mg,14.994,0.0236,0.0177,217,3673,1,1.53,6.4,2.51
203,23,UIUC,24,UIUC-24,b,0.98,15mg,14.994,0.0176,0.0132,161,3673,1,1.53,6.4,2.51
204,23,UIUC,24,UIUC-24,c,0.98,15mg,14.994,0.0201,0.015,184,3673,1,1.53,6.4,2.51
205,23,UIUC,24,UIUC-24,a,1.63,25mg,24.939,0.0522,0.0392,288,2209,1,1.53,6.4,2.51
206,23,UIUC,24,UIUC-24,b,1.63,25mg,24.939,0.0552,0.0414,305,2209,1,1.53,6.4,2.51
207,23,UIUC,24,UIUC-24,c,1.63,25mg,24.939,0.0507,0.038,280,2209,1,1.53,6.4,2.51
208,24,UIUC,25,UIUC-25,a,2.5,std,200.5,0.2642,0.1981,951,1440,1,8.02,6,10.66
209,24,UIUC,25,UIUC-25,b,2.5,std,200.5,0.2823,0.2117,1016,1440,1,8.02,6,10.66
210,24,UIUC,25,UIUC-25,c,2.5,std,200.5,0.2803,0.2102,1009,1440,1,8.02,6,10.66
211,24,UIUC,25,UIUC-25,a,0.18,15mg,14.436,0.0311,0.0233,1556,20000,1,8.02,6,10.66
212,24,UIUC,25,UIUC-25,b,0.18,15mg,14.436,0.0306,0.023,1531,20000,1,8.02,6,10.66
213,24,UIUC,25,UIUC-25,c,0.18,15mg,14.436,0.0397,0.0297,1983,20000,1,8.02,6,10.66
214,24,UIUC,25,UIUC-25,a,0.31,25mg,24.862,0.0673,0.0505,1953,11613,1,8.02,6,10.66
215,24,UIUC,25,UIUC-25,b,0.31,25mg,24.862,0.0623,0.0467,1808,11613,1,8.02,6,10.66
216,24,UIUC,25,UIUC-25,c,0.31,25mg,24.862,0.0678,0.0508,1968,11613,1,8.02,6,10.66
217,25,UIUC,26,UIUC-26,a,2.5,std,185.75,0.1279,0.0959,460,1440,1,7.43,5.8,10.34
218,25,UIUC,26,UIUC-26,b,2.5,std,185.75,0.1869,0.1402,673,1440,1,7.43,5.8,10.34
219,25,UIUC,26,UIUC-26,c,2.5,std,185.75,0.1574,0.118,567,1440,1,7.43,5.8,10.34
220,25,UIUC,26,UIUC-26,a,0.2,15mg,14.86,0.0013,0.0009,57,18000,1,7.43,5.8,10.34
221,25,UIUC,26,UIUC-26,b,0.2,15mg,14.86,0.0002,0.0002,11,18000,1,7.43,5.8,10.34
222,25,UIUC,26,UIUC-26,c,0.2,15mg,14.86,0,0,,18000,1,7.43,5.8,10.34
223,25,UIUC,26,UIUC-26,a,0.33,25mg,24.519,0.016,0.012,437,10909,1,7.43,5.8,10.34
224,25,UIUC,26,UIUC-26,b,0.33,25mg,24.519,0.0196,0.0147,534,10909,1,7.43,5.8,10.34
225,25,UIUC,26,UIUC-26,c,0.33,25mg,24.519,0.016,0.012,437,10909,1,7.43,5.8,10.34
226,26,UIUC,27,UIUC-27,a,2.5,std,110.75,0.2347,0.176,845,1440,1,4.43,6.3,7.71
227,26,UIUC,27,UIUC-27,b,2.5,std,110.75,0.2652,0.1989,955,1440,1,4.43,6.3,7.71
228,26,UIUC,27,UIUC-27,c,2.5,std,110.75,0.2393,0.1794,861,1440,1,4.43,6.3,7.71
229,26,UIUC,27,UIUC-27,a,0.33,15mg,14.619,0.0323,0.0242,880,10909,1,4.43,6.3,7.71
230,26,UIUC,27,UIUC-27,b,0.33,15mg,14.619,0.0313,0.0234,853,10909,1,4.43,6.3,7.71
231,26,UIUC,27,UIUC-27,c,0.33,15mg,14.619,0.0613,0.046,1671,10909,1,4.43,6.3,7.71
232,26,UIUC,27,UIUC-27,a,0.56,25mg,24.808,0.0745,0.0559,1197,6429,1,4.43,6.3,7.71
233,26,UIUC,27,UIUC-27,b,0.56,25mg,24.808,0.0648,0.0486,1042,6429,1,4.43,6.3,7.71
234,26,UIUC,27,UIUC-27,c,0.56,25mg,24.808,0.0648,0.0486,1042,6429,1,4.43,6.3,7.71
235,27,UIUC,28,UIUC-28,a,2.5,std,155.5,0.0847,0.0635,305,1440,1,6.22,4.7,0
236,27,UIUC,28,UIUC-28,b,2.5,std,155.5,0.1081,0.081,389,1440,1,6.22,4.7,0
237,27,UIUC,28,UIUC-28,c,2.5,std,155.5,0.1081,0.081,389,1440,1,6.22,4.7,0
238,27,UIUC,28,UIUC-28,a,0.24,15mg,14.928,0.0069,0.0051,257,15000,1,6.22,4.7,0
239,27,UIUC,28,UIUC-28,b,0.24,15mg,14.928,0.0013,0.0009,47,15000,1,6.22,4.7,0
240,27,UIUC,28,UIUC-28,c,0.24,15mg,14.928,0.0048,0.0036,181,15000,1,6.22,4.7,0
241,27,UIUC,28,UIUC-28,a,0.4,25mg,24.88,0.013,0.0097,292,9000,1,6.22,4.7,0
242,27,UIUC,28,UIUC-28,b,0.4,25mg,24.88,0.0262,0.0196,589,9000,1,6.22,4.7,0
243,27,UIUC,28,UIUC-28,c,0.4,25mg,24.88,0.0196,0.0147,440,9000,1,6.22,4.7,0
244,28,UIUC,29,UIUC-29,a,2.5,std,56.25,0.1147,0.086,413,1440,1,2.25,4.4,0
245,28,UIUC,29,UIUC-29,b,2.5,std,56.25,0.1218,0.0913,438,1440,1,2.25,4.4,0
246,28,UIUC,29,UIUC-29,c,2.5,std,56.25,0.1192,0.0894,429,1440,1,2.25,4.4,0
247,28,UIUC,29,UIUC-29,a,0.66,15mg,14.85,0.0302,0.0227,412,5455,1,2.25,4.4,0
248,28,UIUC,29,UIUC-29,b,0.66,15mg,14.85,0.0435,0.0326,593,5455,1,2.25,4.4,0
249,28,UIUC,29,UIUC-29,c,0.66,15mg,14.85,0.0414,0.0311,565,5455,1,2.25,4.4,0
250,28,UIUC,29,UIUC-29,a,1.11,25mg,24.975,0.0582,0.0437,472,3243,1,2.25,4.4,0
251,28,UIUC,29,UIUC-29,b,1.11,25mg,24.975,0.0658,0.0494,534,3243,1,2.25,4.4,0
252,28,UIUC,29,UIUC-29,c,1.11,25mg,24.975,0.0633,0.0475,513,3243,1,2.25,4.4,0
253,29,UIUC,30,UIUC-30,a,2.5,std,68.25,0.2625,0.1969,945,1440,1,2.73,5.7,2.51
254,29,UIUC,30,UIUC-30,b,2.5,std,68.25,0.2615,0.1961,941,1440,1,2.73,5.7,2.51
255,29,UIUC,30,UIUC-30,c,2.5,std,68.25,0.2517,0.1888,906,1440,1,2.73,5.7,2.51
256,29,UIUC,30,UIUC-30,a,0.54,15mg,14.742,0.0831,0.0623,1385,6667,1,2.73,5.7,2.51
257,29,UIUC,30,UIUC-30,b,0.54,15mg,14.742,0.0865,0.0649,1442,6667,1,2.73,5.7,2.51
258,29,UIUC,30,UIUC-30,c,0.54,15mg,14.742,0.0836,0.0627,1393,6667,1,2.73,5.7,2.51
259,29,UIUC,30,UIUC-30,a,0.91,25mg,24.843,0.1139,0.0854,1126,3956,1,2.73,5.7,2.51
260,29,UIUC,30,UIUC-30,b,0.91,25mg,24.843,0.1315,0.0986,1300,3956,1,2.73,5.7,2.51
261,29,UIUC,30,UIUC-30,c,0.91,25mg,24.843,0.1251,0.0938,1237,3956,1,2.73,5.7,2.51
262,30,UIUC,31,UIUC-31,a,2.5,std,32,0.0914,0.0685,329,1440,1,1.28,7.8,0
263,30,UIUC,31,UIUC-31,b,2.5,std,32,0.0992,0.0744,357,1440,1,1.28,7.8,0
264,30,UIUC,31,UIUC-31,c,2.5,std,32,0.1056,0.0792,380,1440,1,1.28,7.8,0
265,30,UIUC,31,UIUC-31,a,1.17,15mg,14.976,0.0542,0.0407,417,3077,1,1.28,7.8,0
266,30,UIUC,31,UIUC-31,b,1.17,15mg,14.976,0.0684,0.0513,526,3077,1,1.28,7.8,0
267,30,UIUC,31,UIUC-31,c,1.17,15mg,14.976,0.0586,0.044,451,3077,1,1.28,7.8,0
268,30,UIUC,31,UIUC-31,a,1.95,25mg,24.96,0.0933,0.07,431,1846,1,1.28,7.8,0
269,30,UIUC,31,UIUC-31,b,1.95,25mg,24.96,0.1012,0.0759,467,1846,1,1.28,7.8,0
270,30,UIUC,31,UIUC-31,c,1.95,25mg,24.96,0.0929,0.0696,429,1846,1,1.28,7.8,0
271,31,UIUC,32,UIUC-32,a,2.5,std,18.25,0.0195,0.0147,70,1440,1,0.73,7.1,0
272,31,UIUC,32,UIUC-32,b,2.5,std,18.25,0.0303,0.0227,109,1440,1,0.73,7.1,0
273,31,UIUC,32,UIUC-32,c,2.5,std,18.25,0.0283,0.0213,102,1440,1,0.73,7.1,0
274,31,UIUC,32,UIUC-32,a,2.05,15mg,14.965,0.0342,0.0257,150,1756,1,0.73,7.1,0
275,31,UIUC,32,UIUC-32,b,2.05,15mg,14.965,0.0337,0.0253,148,1756,1,0.73,7.1,0
276,31,UIUC,32,UIUC-32,c,2.05,15mg,14.965,0.0357,0.0268,157,1756,1,0.73,7.1,0
277,31,UIUC,32,UIUC-32,a,3.42,25mg,24.966,0.0386,0.0289,102,1053,1,0.73,7.1,0
278,31,UIUC,32,UIUC-32,b,3.42,25mg,24.966,0.044,0.033,116,1053,1,0.73,7.1,0
279,31,UIUC,32,UIUC-32,c,3.42,25mg,24.966,0.0479,0.0359,126,1053,1,0.73,7.1,0
280,32,UIUC,33,UIUC-33,a,2.5,std,5.25,0.0083,0.0062,30,1440,1,0.21,8.1,0
281,32,UIUC,33,UIUC-33,b,2.5,std,5.25,0.0215,0.0161,77,1440,1,0.21,8.1,0
282,32,UIUC,33,UIUC-33,c,2.5,std,5.25,0.0215,0.0161,77,1440,1,0.21,8.1,0
283,32,UIUC,33,UIUC-33,a,7.14,15mg,14.994,0.0332,0.0249,42,504,1,0.21,8.1,0
284,32,UIUC,33,UIUC-33,b,7.14,15mg,14.994,0.0347,0.026,44,504,1,0.21,8.1,0
285,32,UIUC,33,UIUC-33,c,7.14,15mg,14.994,0.0386,0.0289,49,504,1,0.21,8.1,0
286,32,UIUC,33,UIUC-33,a,11.9,25mg,24.99,0.0709,0.0531,54,303,1,0.21,8.1,0
287,32,UIUC,33,UIUC-33,b,11.9,25mg,24.99,0.0669,0.0502,51,303,1,0.21,8.1,0
288,32,UIUC,33,UIUC-33,c,11.9,25mg,24.99,0.065,0.0487,49,303,1,0.21,8.1,0
289,33,UIUC,34,UIUC-34,a,2.5,std,437.25,0.4013,0.301,1445,1440,0,17.49,6.9,48
290,33,UIUC,34,UIUC-34,b,2.5,std,437.25,0.4013,0.301,1445,1440,0,17.49,6.9,48
291,33,UIUC,34,UIUC-34,c,2.5,std,437.25,0.4013,0.301,1445,1440,0,17.49,6.9,48
292,33,UIUC,34,UIUC-34,a,0.08,15mg,13.992,0.0831,0.0623,9346,45000,1,17.49,6.9,48
293,33,UIUC,34,UIUC-34,b,0.08,15mg,13.992,0.0831,0.0623,9346,45000,1,17.49,6.9,48
294,33,UIUC,34,UIUC-34,c,0.08,15mg,13.992,0.0933,0.07,10501,45000,1,17.49,6.9,48
295,33,UIUC,34,UIUC-34,a,0.14,25mg,24.486,0.1271,0.0953,8169,25714,1,17.49,6.9,48
296,33,UIUC,34,UIUC-34,b,0.14,25mg,24.486,0.1188,0.0891,7635,25714,1,17.49,6.9,48
297,33,UIUC,34,UIUC-34,c,0.14,25mg,24.486,0.1178,0.0883,7572,25714,1,17.49,6.9,48
298,34,UIUC,35,UIUC-35,a,2.5,std,520.5,0.2512,0.1884,904,1440,1,20.82,5.3,69.4
299,34,UIUC,35,UIUC-35,b,2.5,std,520.5,0.2468,0.1851,889,1440,1,20.82,5.3,69.4
300,34,UIUC,35,UIUC-35,c,2.5,std,520.5,0.2581,0.1936,929,1440,1,20.82,5.3,69.4
301,34,UIUC,35,UIUC-35,a,0.07,15mg,14.574,0.043,0.0322,5528,51429,1,20.82,5.3,69.4
302,34,UIUC,35,UIUC-35,b,0.07,15mg,14.574,0.0274,0.0205,3517,51429,1,20.82,5.3,69.4
303,34,UIUC,35,UIUC-35,c,0.07,15mg,14.574,0.0401,0.03,5151,51429,1,20.82,5.3,69.4
304,34,UIUC,35,UIUC-35,a,0.12,25mg,24.984,0.0401,0.03,3005,30000,1,20.82,5.3,69.4
305,34,UIUC,35,UIUC-35,b,0.12,25mg,24.984,0.0474,0.0355,3555,30000,1,20.82,5.3,69.4
306,34,UIUC,35,UIUC-35,c,0.12,25mg,24.984,0.0469,0.0352,3518,30000,1,20.82,5.3,69.4
307,35,UIUC,36,UIUC-36,a,2.5,std,819,0.3979,0.2984,1432,1440,1,32.76,5.2,44.6
308,35,UIUC,36,UIUC-36,b,2.5,std,819,0.4003,0.3002,1441,1440,0,32.76,5.2,44.6
309,35,UIUC,36,UIUC-36,c,2.5,std,819,0.4008,0.3006,1443,1440,0,32.76,5.2,44.6
310,35,UIUC,36,UIUC-36,a,0.04,15mg,13.104,0.1021,0.0766,22982,90000,1,32.76,5.2,44.6
311,35,UIUC,36,UIUC-36,b,0.04,15mg,13.104,0.0469,0.0352,10555,90000,1,32.76,5.2,44.6
312,35,UIUC,36,UIUC-36,c,0.04,15mg,13.104,0.0772,0.0579,17373,90000,1,32.76,5.2,44.6
313,35,UIUC,36,UIUC-36,a,0.07,25mg,22.932,0.1241,0.0931,15961,51429,1,32.76,5.2,44.6
314,35,UIUC,36,UIUC-36,b,0.07,25mg,22.932,0.085,0.0638,10933,51429,1,32.76,5.2,44.6
315,35,UIUC,36,UIUC-36,c,0.07,25mg,22.932,0.0865,0.0649,11122,51429,1,32.76,5.2,44.6
316,36,NRCS,2,NRCS-2,a,2.5,std,62.5,0.1603,0.1202,576.99,1440,1,2.5,6.1,27.3
317,36,NRCS,2,NRCS-2,b,2.5,std,62.5,0.1777,0.1333,639.77,1440,1,2.5,6.1,27.3
318,36,NRCS,2,NRCS-2,c,2.5,std,62.5,0.1816,0.1362,653.73,1440,1,2.5,6.1,27.3
319,36,NRCS,2,NRCS-2,a,0.6,15mg,15,0.0333,0.025,500.18,6000,1,2.5,6.1,27.3
320,36,NRCS,2,NRCS-2,b,0.6,15mg,15,0.0237,0.0177,354.84,6000,1,2.5,6.1,27.3
321,36,NRCS,2,NRCS-2,c,0.6,15mg,15,0.0382,0.0286,572.85,6000,1,2.5,6.1,27.3
322,36,NRCS,2,NRCS-2,a,1,25mg,25,0.0527,0.0395,474.51,3600,1,2.5,6.1,27.3
323,36,NRCS,2,NRCS-2,b,1,25mg,25,0.0702,0.0526,631.48,3600,1,2.5,6.1,27.3
324,36,NRCS,2,NRCS-2,c,1,25mg,25,0.076,0.057,683.8,3600,1,2.5,6.1,27.3
325,37,NRCS,3,NRCS-3,a,2.5,std,65,0.1893,0.142,681.63,1440,1,2.6,5.7,26.8
326,37,NRCS,3,NRCS-3,b,2.5,std,65,0.1797,0.1347,646.75,1440,1,2.6,5.7,26.8
327,37,NRCS,3,NRCS-3,c,2.5,std,65,0.1961,0.1471,706.05,1440,1,2.6,5.7,26.8
328,37,NRCS,3,NRCS-3,a,0.57,15mg,14.82,0.0382,0.0286,603,6315.789474,1,2.6,5.7,26.8
329,37,NRCS,3,NRCS-3,b,0.57,15mg,14.82,0.0372,0.0279,587.7,6315.789474,1,2.6,5.7,26.8
330,37,NRCS,3,NRCS-3,c,0.57,15mg,14.82,0.0392,0.0294,618.3,6315.789474,1,2.6,5.7,26.8
331,37,NRCS,3,NRCS-3,a,0.96,25mg,24.96,0.0779,0.0584,730.46,3750,1,2.6,5.7,26.8
332,37,NRCS,3,NRCS-3,b,0.96,25mg,24.96,0.0634,0.0475,594.2,3750,1,2.6,5.7,26.8
333,37,NRCS,3,NRCS-3,c,0.96,25mg,24.96,0.0711,0.0533,666.87,3750,1,2.6,5.7,26.8
334,38,NRCS,6,NRCS-6,a,2.5,std,37.5,0.1041,0.0781,374.68,1440,1,1.5,7.6,20.2
335,38,NRCS,6,NRCS-6,b,2.5,std,37.5,0.1021,0.0766,367.7,1440,1,1.5,7.6,20.2
336,38,NRCS,6,NRCS-6,c,2.5,std,37.5,0.107,0.0802,385.14,1440,1,1.5,7.6,20.2
337,38,NRCS,6,NRCS-6,a,1,15mg,15,0.0425,0.0319,382.29,3600,1,1.5,7.6,20.2
338,38,NRCS,6,NRCS-6,b,1,15mg,15,0.0483,0.0363,435.13,3600,1,1.5,7.6,20.2
339,38,NRCS,6,NRCS-6,c,1,15mg,15,0.0454,0.0341,408.71,3600,1,1.5,7.6,20.2
340,38,NRCS,6,NRCS-6,a,1.66,25mg,24.9,0.0611,0.0458,331.09,2168.674699,1,1.5,7.6,20.2
341,38,NRCS,6,NRCS-6,b,1.66,25mg,24.9,0.0669,0.0502,362.91,2168.674699,1,1.5,7.6,20.2
342,38,NRCS,6,NRCS-6,c,1.66,25mg,24.9,0.062,0.0465,336.39,2168.674699,1,1.5,7.6,20.2
343,39,NRCS,7,NRCS-7,a,2.5,std,42.5,0.1609,0.1206,579.11,1440,1,1.7,7.1,29.5
344,39,NRCS,7,NRCS-7,b,2.5,std,42.5,0.157,0.1177,565.02,1440,1,1.7,7.1,29.5
345,39,NRCS,7,NRCS-7,c,2.5,std,42.5,0.156,0.117,561.5,1440,1,1.7,7.1,29.5
346,39,NRCS,7,NRCS-7,a,0.88,15mg,14.96,0.0552,0.0414,564.51,4090.909091,1,1.7,7.1,29.5
347,39,NRCS,7,NRCS-7,b,0.88,15mg,14.96,0.0552,0.0414,564.51,4090.909091,1,1.7,7.1,29.5
348,39,NRCS,7,NRCS-7,c,0.88,15mg,14.96,0.0611,0.0458,624.55,4090.909091,1,1.7,7.1,29.5
349,39,NRCS,7,NRCS-7,a,1.47,25mg,24.99,0.0992,0.0744,607.5,2448.979592,1,1.7,7.1,29.5
350,39,NRCS,7,NRCS-7,b,1.47,25mg,24.99,0.0982,0.0737,601.51,2448.979592,1,1.7,7.1,29.5
351,39,NRCS,7,NRCS-7,c,1.47,25mg,24.99,0.0924,0.0693,565.57,2448.979592,1,1.7,7.1,29.5
352,40,NRCS,8,NRCS-8,a,2.5,std,32.5,0.0845,0.0634,304.37,1440,1,1.3,7.4,16.5
353,40,NRCS,8,NRCS-8,b,2.5,std,32.5,0.0855,0.0641,307.9,1440,1,1.3,7.4,16.5
354,40,NRCS,8,NRCS-8,c,2.5,std,32.5,0.0943,0.0707,339.6,1440,1,1.3,7.4,16.5
355,40,NRCS,8,NRCS-8,a,1.15,15mg,14.95,0.0493,0.037,386.03,3130.434783,1,1.3,7.4,16.5
356,40,NRCS,8,NRCS-8,b,1.15,15mg,14.95,0.0474,0.0355,370.72,3130.434783,1,1.3,7.4,16.5
357,40,NRCS,8,NRCS-8,c,1.15,15mg,14.95,0.0415,0.0311,324.77,3130.434783,1,1.3,7.4,16.5
358,40,NRCS,8,NRCS-8,a,1.92,25mg,24.96,0.0679,0.0509,318.35,1875,1,1.3,7.4,16.5
359,40,NRCS,8,NRCS-8,b,1.92,25mg,24.96,0.063,0.0473,295.42,1875,1,1.3,7.4,16.5
360,40,NRCS,8,NRCS-8,c,1.92,25mg,24.96,0.0679,0.0509,318.35,1875,1,1.3,7.4,16.5
361,41,NRCS,9,NRCS-9,a,2.5,std,12.5,0.0395,0.0297,142.35,1440,1,0.5,7.3,12.3
362,41,NRCS,9,NRCS-9,b,2.5,std,12.5,0.0405,0.0304,145.87,1440,1,0.5,7.3,12.3
363,41,NRCS,9,NRCS-9,c,2.5,std,12.5,0.0425,0.0319,152.92,1440,1,0.5,7.3,12.3
364,41,NRCS,9,NRCS-9,a,3,15mg,15,0.0523,0.0392,156.78,1200,1,0.5,7.3,12.3
365,41,NRCS,9,NRCS-9,b,3,15mg,15,0.0542,0.0407,162.65,1200,1,0.5,7.3,12.3
366,41,NRCS,9,NRCS-9,c,3,15mg,15,0.0464,0.0348,139.17,1200,1,0.5,7.3,12.3
367,41,NRCS,9,NRCS-9,a,5,25mg,25,0.0826,0.0619,148.67,720,1,0.5,7.3,12.3
368,41,NRCS,9,NRCS-9,b,5,25mg,25,0.0855,0.0641,153.95,720,1,0.5,7.3,12.3
369,41,NRCS,9,NRCS-9,c,5,25mg,25,0.0767,0.0575,138.1,720,1,0.5,7.3,12.3
370,42,NRCS,10,NRCS-10,a,2.5,std,30,0.0826,0.0619,297.33,1440,1,1.2,6.1,18
371,42,NRCS,10,NRCS-10,b,2.5,std,30,0.0855,0.0641,307.9,1440,1,1.2,6.1,18
372,42,NRCS,10,NRCS-10,c,2.5,std,30,0.0934,0.07,336.07,1440,1,1.2,6.1,18
373,42,NRCS,10,NRCS-10,a,1.25,15mg,15,0.0386,0.0289,277.66,2880,1,1.2,6.1,18
374,42,NRCS,10,NRCS-10,b,1.25,15mg,15,0.0464,0.0348,334.01,2880,1,1.2,6.1,18
375,42,NRCS,10,NRCS-10,c,1.25,15mg,15,0.0405,0.0304,291.75,2880,1,1.2,6.1,18
376,42,NRCS,10,NRCS-10,a,2.08,25mg,24.96,0.0699,0.0524,302.33,1730.769231,1,1.2,6.1,18
377,42,NRCS,10,NRCS-10,b,2.08,25mg,24.96,0.0748,0.0561,323.5,1730.769231,1,1.2,6.1,18
378,42,NRCS,10,NRCS-10,c,2.08,25mg,24.96,0.063,0.0473,272.7,1730.769231,1,1.2,6.1,18
379,43,NRCS,11,NRCS-11,a,2.5,std,45,0.1286,0.0964,462.88,1440,1,1.8,5.1,27
380,43,NRCS,11,NRCS-11,b,2.5,std,45,0.1159,0.0869,417.09,1440,1,1.8,5.1,27
381,43,NRCS,11,NRCS-11,c,2.5,std,45,0.1237,0.0928,445.26,1440,1,1.8,5.1,27
382,43,NRCS,11,NRCS-11,a,0.83,15mg,14.94,0.0464,0.0348,503.03,4337.349398,1,1.8,5.1,27
383,43,NRCS,11,NRCS-11,b,0.83,15mg,14.94,0.0503,0.0377,545.47,4337.349398,1,1.8,5.1,27
384,43,NRCS,11,NRCS-11,c,0.83,15mg,14.94,0.0532,0.0399,577.3,4337.349398,1,1.8,5.1,27
385,43,NRCS,11,NRCS-11,a,1.38,25mg,24.84,0.0601,0.0451,391.88,2608.695652,1,1.8,5.1,27
386,43,NRCS,11,NRCS-11,b,1.38,25mg,24.84,0.0689,0.0517,449.31,2608.695652,1,1.8,5.1,27
387,43,NRCS,11,NRCS-11,c,1.38,25mg,24.84,0.0699,0.0524,455.69,2608.695652,1,1.8,5.1,27
388,44,NRCS,12,NRCS-12,a,2.5,std,25,0.0523,0.0392,188.14,1440,1,1,4.4,25.7
389,44,NRCS,12,NRCS-12,b,2.5,std,25,0.0503,0.0377,181.1,1440,1,1,4.4,25.7
390,44,NRCS,12,NRCS-12,c,2.5,std,25,0.0542,0.0407,195.18,1440,1,1,4.4,25.7
391,44,NRCS,12,NRCS-12,a,1.5,15mg,15,0.0337,0.0253,202.03,2400,1,1,4.4,25.7
392,44,NRCS,12,NRCS-12,b,1.5,15mg,15,0.0298,0.0223,178.55,2400,1,1,4.4,25.7
393,44,NRCS,12,NRCS-12,c,1.5,15mg,15,0.0268,0.0201,160.94,2400,1,1,4.4,25.7
394,44,NRCS,12,NRCS-12,a,2.5,25mg,25,0.0542,0.0407,195.18,1440,1,1,4.4,25.7
395,44,NRCS,12,NRCS-12,b,2.5,25mg,25,0.062,0.0465,223.36,1440,1,1,4.4,25.7
396,44,NRCS,12,NRCS-12,c,2.5,25mg,25,0.0542,0.0407,195.18,1440,1,1,4.4,25.7
397,45,NRCS,13,NRCS-13,a,2.5,std,22.5,0.0963,0.0722,346.64,1440,1,0.9,6.5,29
398,45,NRCS,13,NRCS-13,b,2.5,std,22.5,0.108,0.081,388.91,1440,1,0.9,6.5,29
399,45,NRCS,13,NRCS-13,c,2.5,std,22.5,0.109,0.0818,392.43,1440,1,0.9,6.5,29
400,45,NRCS,13,NRCS-13,a,1.66,15mg,14.94,0.0797,0.0597,431.87,2168.674699,1,0.9,6.5,29
401,45,NRCS,13,NRCS-13,b,1.66,15mg,14.94,0.0824,0.0618,446.61,2168.674699,1,0.9,6.5,29
402,45,NRCS,13,NRCS-13,c,1.66,15mg,14.94,0.089,0.0668,482.78,2168.674699,1,0.9,6.5,29
403,46,NRCS,14,NRCS-14,a,2.5,std,105,0.273,0.2048,982.86,1440,1,4.2,6.3,24.4
404,46,NRCS,14,NRCS-14,b,2.5,std,105,0.2663,0.1998,958.84,1440,1,4.2,6.3,24.4
405,46,NRCS,14,NRCS-14,c,2.5,std,105,0.2606,0.1955,938.25,1440,1,4.2,6.3,24.4
406,46,NRCS,14,NRCS-14,a,0.35,15mg,14.7,0.0643,0.0482,1652.47,10285.71429,1,4.2,6.3,24.4
407,46,NRCS,14,NRCS-14,b,0.35,15mg,14.7,0.07,0.0525,1799.54,10285.71429,1,4.2,6.3,24.4
408,46,NRCS,14,NRCS-14,c,0.35,15mg,14.7,0.0671,0.0503,1726.01,10285.71429,1,4.2,6.3,24.4
409,46,NRCS,14,NRCS-14,a,0.59,25mg,24.78,0.0948,0.0711,1445.58,6101.694915,1,4.2,6.3,24.4
410,46,NRCS,14,NRCS-14,b,0.59,25mg,24.78,0.0929,0.0696,1416.5,6101.694915,1,4.2,6.3,24.4
411,46,NRCS,14,NRCS-14,c,0.59,25mg,24.78,0.09,0.0675,1372.87,6101.694915,1,4.2,6.3,24.4
412,47,NRCS,15,NRCS-15,a,2.5,std,52.5,0.1682,0.1261,605.39,1440,1,2.1,6.7,21.5
413,47,NRCS,15,NRCS-15,b,2.5,std,52.5,0.1644,0.1233,591.66,1440,1,2.1,6.7,21.5
414,47,NRCS,15,NRCS-15,c,2.5,std,52.5,0.1634,0.1225,588.23,1440,1,2.1,6.7,21.5
415,47,NRCS,15,NRCS-15,a,0.71,15mg,14.91,0.0423,0.0318,536.69,5070.422535,1,2.1,6.7,21.5
416,47,NRCS,15,NRCS-15,b,0.71,15mg,14.91,0.0509,0.0382,645.44,5070.422535,1,2.1,6.7,21.5
417,47,NRCS,15,NRCS-15,c,0.71,15mg,14.91,0.0547,0.041,693.77,5070.422535,1,2.1,6.7,21.5
418,47,NRCS,15,NRCS-15,a,1.19,25mg,24.99,0.0871,0.0654,659.04,3025.210084,1,2.1,6.7,21.5
419,47,NRCS,15,NRCS-15,b,1.19,25mg,24.99,0.0929,0.0696,702.3,3025.210084,1,2.1,6.7,21.5
420,47,NRCS,15,NRCS-15,c,1.19,25mg,24.99,0.0881,0.0661,666.25,3025.210084,1,2.1,6.7,21.5
421,48,NRCS,16,NRCS-16,a,2.5,std,57.5,0.1176,0.0882,423.51,1440,1,2.3,7.2,34.8
422,48,NRCS,16,NRCS-16,b,2.5,std,57.5,0.1262,0.0947,454.4,1440,1,2.3,7.2,34.8
423,48,NRCS,16,NRCS-16,c,2.5,std,57.5,0.1167,0.0875,420.08,1440,1,2.3,7.2,34.8
424,48,NRCS,16,NRCS-16,a,0.65,15mg,14.95,0.0442,0.0332,612.63,5538.461538,1,2.3,7.2,34.8
425,48,NRCS,16,NRCS-16,b,0.65,15mg,14.95,0.0347,0.026,480.65,5538.461538,1,2.3,7.2,34.8
426,48,NRCS,16,NRCS-16,c,0.65,15mg,14.95,0.0433,0.0325,599.43,5538.461538,1,2.3,7.2,34.8
427,48,NRCS,16,NRCS-16,a,1.08,25mg,24.84,0.0576,0.0432,479.92,3333.333333,1,2.3,7.2,34.8
428,48,NRCS,16,NRCS-16,b,1.08,25mg,24.84,0.0519,0.0389,432.26,3333.333333,1,2.3,7.2,34.8
429,48,NRCS,16,NRCS-16,c,1.08,25mg,24.84,0.0624,0.0468,519.64,3333.333333,1,2.3,7.2,34.8
430,49,NRCS,17,NRCS-17,a,2.5,std,152.5,0.3531,0.2648,1271.11,1440,1,6.1,6.4,30.6
431,49,NRCS,17,NRCS-17,b,2.5,std,152.5,0.3426,0.257,1233.36,1440,1,6.1,6.4,30.6
432,49,NRCS,17,NRCS-17,c,2.5,std,152.5,0.3512,0.2634,1264.24,1440,1,6.1,6.4,30.6
433,49,NRCS,17,NRCS-17,a,0.24,15mg,14.64,0.0709,0.0532,2660.08,15000,1,6.1,6.4,30.6
434,49,NRCS,17,NRCS-17,b,0.24,15mg,14.64,0.0509,0.0382,1909.42,15000,1,6.1,6.4,30.6
435,49,NRCS,17,NRCS-17,c,0.24,15mg,14.64,0.0576,0.0432,2159.64,15000,1,6.1,6.4,30.6
436,49,NRCS,17,NRCS-17,a,0.41,25mg,25.01,0.0986,0.0739,2163.92,8780.487805,1,6.1,6.4,30.6
437,49,NRCS,17,NRCS-17,b,0.41,25mg,25.01,0.0881,0.0661,1933.75,8780.487805,1,6.1,6.4,30.6
438,49,NRCS,17,NRCS-17,c,0.41,25mg,25.01,0.091,0.0682,1996.52,8780.487805,1,6.1,6.4,30.6
439,50,NRCS,18,NRCS-18,a,2.5,std,95,0.2425,0.1819,873.05,1440,1,3.8,4.8,23.3
440,50,NRCS,18,NRCS-18,b,2.5,std,95,0.2463,0.1847,886.77,1440,1,3.8,4.8,23.3
441,50,NRCS,18,NRCS-18,c,2.5,std,95,0.2435,0.1826,876.48,1440,1,3.8,4.8,23.3
442,50,NRCS,18,NRCS-18,a,0.39,15mg,14.82,0.049,0.0368,1131.04,9230.769231,1,3.8,4.8,23.3
443,50,NRCS,18,NRCS-18,b,0.39,15mg,14.82,0.0414,0.031,955.06,9230.769231,1,3.8,4.8,23.3
444,50,NRCS,18,NRCS-18,c,0.39,15mg,14.82,0.0423,0.0318,977.06,9230.769231,1,3.8,4.8,23.3
445,50,NRCS,18,NRCS-18,a,0.65,25mg,24.7,0.0843,0.0632,1166.96,5538.461538,1,3.8,4.8,23.3
446,50,NRCS,18,NRCS-18,b,0.65,25mg,24.7,0.0805,0.0604,1114.16,5538.461538,1,3.8,4.8,23.3
447,50,NRCS,18,NRCS-18,c,0.65,25mg,24.7,0.0862,0.0646,1193.35,5538.461538,1,3.8,4.8,23.3
448,51,NRCS,19,NRCS-19,a,2.5,std,70,0.1941,0.1456,698.89,1440,1,2.8,4.6,24.2
449,51,NRCS,19,NRCS-19,b,2.5,std,70,0.1875,0.1406,675.05,1440,1,2.8,4.6,24.2
450,51,NRCS,19,NRCS-19,c,2.5,std,70,0.1837,0.1378,661.42,1440,1,2.8,4.6,24.2
451,51,NRCS,19,NRCS-19,a,0.53,15mg,14.84,0.056,0.042,951.29,6792.45283,1,2.8,4.6,24.2
452,51,NRCS,19,NRCS-19,b,0.53,15mg,14.84,0.0522,0.0392,887.03,6792.45283,1,2.8,4.6,24.2
453,51,NRCS,19,NRCS-19,c,0.53,15mg,14.84,0.0494,0.037,838.84,6792.45283,1,2.8,4.6,24.2
454,51,NRCS,19,NRCS-19,a,0.89,25mg,24.92,0.0835,0.0626,843.92,4044.94382,1,2.8,4.6,24.2
455,51,NRCS,19,NRCS-19,b,0.89,25mg,24.92,0.0778,0.0583,786.52,4044.94382,1,2.8,4.6,24.2
456,51,NRCS,19,NRCS-19,c,0.89,25mg,24.92,0.0825,0.0619,834.35,4044.94382,1,2.8,4.6,24.2
457,52,NRCS,20,NRCS-20,a,2.5,std,80,0.2074,0.1555,746.56,1440,1,3.2,4.6,22.9
458,52,NRCS,20,NRCS-20,b,2.5,std,80,0.2149,0.1612,773.81,1440,1,3.2,4.6,22.9
459,52,NRCS,20,NRCS-20,c,2.5,std,80,0.214,0.1605,770.4,1440,1,3.2,4.6,22.9
460,52,NRCS,20,NRCS-20,a,0.46,15mg,14.72,0.0485,0.0363,947.98,7826.086957,1,3.2,4.6,22.9
461,52,NRCS,20,NRCS-20,b,0.46,15mg,14.72,0.0437,0.0328,855.44,7826.086957,1,3.2,4.6,22.9
462,52,NRCS,20,NRCS-20,c,0.46,15mg,14.72,0.0466,0.0349,910.96,7826.086957,1,3.2,4.6,22.9
463,53,NRCS,21,NRCS-21,a,2.5,std,242.5,0.2282,0.1711,821.49,1440,1,9.7,5.5,21.2
464,53,NRCS,21,NRCS-21,b,2.5,std,242.5,0.2074,0.1555,746.56,1440,1,9.7,5.5,21.2
465,53,NRCS,21,NRCS-21,c,2.5,std,242.5,0.2178,0.1633,784.02,1440,1,9.7,5.5,21.2
466,53,NRCS,21,NRCS-21,a,0.15,15mg,14.55,0.0579,0.0434,3474.74,24000,1,9.7,5.5,21.2
467,53,NRCS,21,NRCS-21,b,0.15,15mg,14.55,0.057,0.0427,3417.98,24000,1,9.7,5.5,21.2
468,53,NRCS,21,NRCS-21,c,0.15,15mg,14.55,0.0503,0.0378,3020.66,24000,1,9.7,5.5,21.2
469,53,NRCS,21,NRCS-21,a,0.25,25mg,24.25,0.109,0.0817,3923.85,14400,1,9.7,5.5,21.2
470,53,NRCS,21,NRCS-21,b,0.25,25mg,24.25,0.1109,0.0832,3991.96,14400,1,9.7,5.5,21.2
471,53,NRCS,21,NRCS-21,c,0.25,25mg,24.25,0.1194,0.0896,4298.46,14400,1,9.7,5.5,21.2
472,54,NRCS,22,NRCS-22,a,2.5,std,115,0.2443,0.1832,879.38,1440,1,4.6,6,17.7
473,54,NRCS,22,NRCS-22,b,2.5,std,115,0.2443,0.1832,879.38,1440,1,4.6,6,17.7
474,54,NRCS,22,NRCS-22,c,2.5,std,115,0.2433,0.1825,875.97,1440,1,4.6,6,17.7
475,54,NRCS,22,NRCS-22,a,0.32,15mg,14.72,0.0286,0.0214,804,11250,1,4.6,6,17.7
476,54,NRCS,22,NRCS-22,b,0.32,15mg,14.72,0.0314,0.0236,883.82,11250,1,4.6,6,17.7
477,54,NRCS,22,NRCS-22,c,0.32,15mg,14.72,0.0333,0.025,937.03,11250,1,4.6,6,17.7
478,54,NRCS,22,NRCS-22,a,0.54,25mg,24.84,0.0532,0.0399,886.37,6666.666667,1,4.6,6,17.7
479,54,NRCS,22,NRCS-22,b,0.54,25mg,24.84,0.0513,0.0385,854.84,6666.666667,1,4.6,6,17.7
480,54,NRCS,22,NRCS-22,c,0.54,25mg,24.84,0.0447,0.0335,744.47,6666.666667,1,4.6,6,17.7
481,55,NRCS,23,NRCS-23,a,2.5,std,60,0.1762,0.1321,634.18,1440,1,2.4,5.5,27.4
482,55,NRCS,23,NRCS-23,b,2.5,std,60,0.1686,0.1264,606.94,1440,1,2.4,5.5,27.4
483,55,NRCS,23,NRCS-23,c,2.5,std,60,0.1866,0.1399,671.64,1440,1,2.4,5.5,27.4
484,55,NRCS,23,NRCS-23,a,0.62,15mg,14.88,0.0455,0.0341,659.83,5806.451613,1,2.4,5.5,27.4
485,55,NRCS,23,NRCS-23,b,0.62,15mg,14.88,0.0398,0.0299,578.06,5806.451613,1,2.4,5.5,27.4
486,55,NRCS,23,NRCS-23,c,0.62,15mg,14.88,0.0389,0.0292,564.43,5806.451613,1,2.4,5.5,27.4
487,55,NRCS,23,NRCS-23,a,1.04,25mg,24.96,0.0727,0.0545,628.99,3461.538462,1,2.4,5.5,27.4
488,55,NRCS,23,NRCS-23,b,1.04,25mg,24.96,0.0633,0.0475,547.74,3461.538462,1,2.4,5.5,27.4
489,55,NRCS,23,NRCS-23,c,1.04,25mg,24.96,0.0689,0.0517,596.49,3461.538462,1,2.4,5.5,27.4
490,56,NRCS,24,NRCS-24,a,2.5,std,47.5,0.1534,0.1151,552.35,1440,1,1.9,6.2,24.3
491,56,NRCS,24,NRCS-24,b,2.5,std,47.5,0.1516,0.1137,545.59,1440,1,1.9,6.2,24.3
492,56,NRCS,24,NRCS-24,c,2.5,std,47.5,0.1591,0.1193,572.63,1440,1,1.9,6.2,24.3
493,56,NRCS,24,NRCS-24,a,0.78,15mg,14.82,0.0492,0.0369,567.82,4615.384615,1,1.9,6.2,24.3
494,56,NRCS,24,NRCS-24,b,0.78,15mg,14.82,0.0436,0.0327,502.82,4615.384615,1,1.9,6.2,24.3
495,56,NRCS,24,NRCS-24,c,0.78,15mg,14.82,0.0379,0.0285,437.81,4615.384615,1,1.9,6.2,24.3
496,56,NRCS,24,NRCS-24,a,1.31,25mg,24.89,0.0755,0.0566,518.7,2748.091603,1,1.9,6.2,24.3
497,56,NRCS,24,NRCS-24,b,1.31,25mg,24.89,0.083,0.0623,570.31,2748.091603,1,1.9,6.2,24.3
498,56,NRCS,24,NRCS-24,c,1.31,25mg,24.89,0.0896,0.0672,615.46,2748.091603,1,1.9,6.2,24.3
499,57,NRCS,25,NRCS-25,a,2.5,std,720,0.1713,0.1285,616.57,1440,1,28.8,5.5,14.9
500,57,NRCS,25,NRCS-25,b,2.5,std,720,0.1938,0.1454,697.69,1440,1,28.8,5.5,14.9
501,57,NRCS,25,NRCS-25,c,2.5,std,720,0.1797,0.1348,646.99,1440,1,28.8,5.5,14.9
502,57,NRCS,25,NRCS-25,a,0.05,15mg,14.4,0.0079,0.0059,1421.76,72000,1,28.8,5.5,14.9
503,57,NRCS,25,NRCS-25,b,0.05,15mg,14.4,0.0163,0.0123,2942.8,72000,1,28.8,5.5,14.9
504,57,NRCS,25,NRCS-25,c,0.05,15mg,14.4,0.0117,0.0087,2097.78,72000,1,28.8,5.5,14.9
505,57,NRCS,25,NRCS-25,a,0.08,25mg,23.04,0.0239,0.0179,2684.27,45000,1,28.8,5.5,14.9
506,57,NRCS,25,NRCS-25,b,0.08,25mg,23.04,0.022,0.0165,2473.01,45000,1,28.8,5.5,14.9
507,57,NRCS,25,NRCS-25,c,0.08,25mg,23.04,0.0314,0.0235,3529.29,45000,1,28.8,5.5,14.9
508,58,NRCS,26,NRCS-26,a,2.5,std,35,0.1131,0.0848,407,1440,1,1.4,5.4,22.7
509,58,NRCS,26,NRCS-26,b,2.5,std,35,0.13,0.0975,467.85,1440,1,1.4,5.4,22.7
510,58,NRCS,26,NRCS-26,c,2.5,std,35,0.1281,0.0961,461.09,1440,1,1.4,5.4,22.7
511,58,NRCS,26,NRCS-26,a,1.07,15mg,14.98,0.0539,0.0404,453.41,3364.485981,1,1.4,5.4,22.7
512,58,NRCS,26,NRCS-26,b,1.07,15mg,14.98,0.0558,0.0418,469.2,3364.485981,1,1.4,5.4,22.7
513,58,NRCS,26,NRCS-26,c,1.07,15mg,14.98,0.0445,0.0334,374.44,3364.485981,1,1.4,5.4,22.7
514,58,NRCS,26,NRCS-26,a,1.78,25mg,24.92,0.084,0.063,424.47,2022.47191,1,1.4,5.4,22.7
515,58,NRCS,26,NRCS-26,b,1.78,25mg,24.92,0.0868,0.0651,438.71,2022.47191,1,1.4,5.4,22.7
516,58,NRCS,26,NRCS-26,c,1.78,25mg,24.92,0.0915,0.0686,462.45,2022.47191,1,1.4,5.4,22.7
517,59,NRCS,27,NRCS-27,a,2.5,std,20,0.0811,0.0609,292.08,1440,1,0.8,6.8,23.1
518,59,NRCS,27,NRCS-27,b,2.5,std,20,0.0858,0.0644,308.98,1440,1,0.8,6.8,23.1
519,59,NRCS,27,NRCS-27,c,2.5,std,20,0.0886,0.0665,319.12,1440,1,0.8,6.8,23.1
520,59,NRCS,27,NRCS-27,a,1.87,15mg,14.96,0.0595,0.0447,286.55,1925.13369,1,0.8,6.8,23.1
521,59,NRCS,27,NRCS-27,b,1.87,15mg,14.96,0.0586,0.0439,282.03,1925.13369,1,0.8,6.8,23.1
522,59,NRCS,27,NRCS-27,c,1.87,15mg,14.96,0.052,0.039,250.4,1925.13369,1,0.8,6.8,23.1
523,59,NRCS,27,NRCS-27,a,3.12,25mg,24.96,0.0934,0.07,269.38,1153.846154,1,0.8,6.8,23.1
524,59,NRCS,27,NRCS-27,b,3.12,25mg,24.96,0.0893,0.067,257.62,1153.846154,1,0.8,6.8,23.1
525,59,NRCS,27,NRCS-27,c,3.12,25mg,24.96,0.0975,0.0731,281.14,1153.846154,1,0.8,6.8,23.1
526,60,NRCS,29,NRCS-29,a,2.5,std,22.5,0.0985,0.0739,354.53,1440,1,0.9,5.2,3.6
527,60,NRCS,29,NRCS-29,b,2.5,std,22.5,0.1107,0.083,398.56,1440,1,0.9,5.2,3.6
528,60,NRCS,29,NRCS-29,c,2.5,std,22.5,0.1066,0.08,383.88,1440,1,0.9,5.2,3.6
529,60,NRCS,29,NRCS-29,a,1.07,15mg,9.63,0.0394,0.0295,331.09,3364.485981,1,0.9,5.2,3.6
530,60,NRCS,29,NRCS-29,b,1.07,15mg,9.63,0.0414,0.0311,348.24,3364.485981,1,0.9,5.2,3.6
531,60,NRCS,29,NRCS-29,c,1.07,15mg,9.63,0.0383,0.0288,322.52,3364.485981,1,0.9,5.2,3.6
532,60,NRCS,29,NRCS-29,a,1.78,25mg,16.02,0.072,0.054,363.94,2022.47191,1,0.9,5.2,3.6
533,60,NRCS,29,NRCS-29,b,1.78,25mg,16.02,0.071,0.0532,358.79,2022.47191,1,0.9,5.2,3.6
534,60,NRCS,29,NRCS-29,c,1.78,25mg,16.02,0.0608,0.0456,307.25,2022.47191,1,0.9,5.2,3.6
535,61,NRCS,30,NRCS-30,a,2.5,std,60,0.0506,0.0379,182.07,1440,1,2.4,4.8,5.1
536,61,NRCS,30,NRCS-30,b,2.5,std,60,0.0547,0.041,196.75,1440,1,2.4,4.8,5.1
537,61,NRCS,30,NRCS-30,c,2.5,std,60,0.0496,0.0372,178.4,1440,1,2.4,4.8,5.1
538,61,NRCS,30,NRCS-30,a,1.87,15mg,44.88,0.0404,0.0303,194.35,1925.13369,1,2.4,4.8,5.1
539,61,NRCS,30,NRCS-30,b,1.87,15mg,44.88,0.0322,0.0242,155.11,1925.13369,1,2.4,4.8,5.1
540,61,NRCS,30,NRCS-30,c,1.87,15mg,44.88,0.0394,0.0295,189.45,1925.13369,1,2.4,4.8,5.1
541,61,NRCS,30,NRCS-30,a,3.12,25mg,74.88,0.0648,0.0486,187.05,1153.846154,1,2.4,4.8,5.1
542,61,NRCS,30,NRCS-30,b,3.12,25mg,74.88,0.0669,0.0502,192.93,1153.846154,1,2.4,4.8,5.1
543,61,NRCS,30,NRCS-30,c,3.12,25mg,74.88,0.072,0.054,207.63,1153.846154,1,2.4,4.8,5.1
544,62,NRCS,31,NRCS-31,a,2.5,std,155,0.1301,0.0976,468.28,1440,1,6.2,4.3,4
545,62,NRCS,31,NRCS-31,b,2.5,std,155,0.1229,0.0922,442.6,1440,1,6.2,4.3,4
546,62,NRCS,31,NRCS-31,c,2.5,std,155,0.1331,0.0999,479.29,1440,1,6.2,4.3,4
547,62,NRCS,31,NRCS-31,a,0.45,15mg,27.9,0.02,0.015,399.93,8000,1,6.2,4.3,4
548,62,NRCS,31,NRCS-31,b,0.45,15mg,27.9,0.0139,0.0104,277.62,8000,1,6.2,4.3,4
549,62,NRCS,31,NRCS-31,c,0.45,15mg,27.9,0.0129,0.0096,257.23,8000,1,6.2,4.3,4
550,62,NRCS,31,NRCS-31,a,0.75,25mg,46.5,0.0465,0.0349,557.97,4800,1,6.2,4.3,4
551,62,NRCS,31,NRCS-31,b,0.75,25mg,46.5,0.0496,0.0372,594.67,4800,1,6.2,4.3,4
552,62,NRCS,31,NRCS-31,c,0.75,25mg,46.5,0.0526,0.0395,631.36,4800,1,6.2,4.3,4
553,63,NRCS,32,NRCS-32,a,2.5,std,7.5,0.0016,0.0012,5.94,1440,1,0.3,8.3,13.6
554,63,NRCS,32,NRCS-32,b,2.5,std,7.5,0.0027,0.002,9.61,1440,1,0.3,8.3,13.6
555,63,NRCS,32,NRCS-32,c,2.5,std,7.5,0.0047,0.0035,16.95,1440,1,0.3,8.3,13.6
556,63,NRCS,32,NRCS-32,a,1.66,15mg,4.98,0,-0.0072,,2168.674699,1,0.3,8.3,13.6
557,63,NRCS,32,NRCS-32,b,1.66,15mg,4.98,0,-0.0011,,2168.674699,1,0.3,8.3,13.6
558,63,NRCS,32,NRCS-32,c,1.66,15mg,4.98,0,-0.0026,,2168.674699,1,0.3,8.3,13.6
559,63,NRCS,32,NRCS-32,a,2.77,25mg,8.31,0.0067,0.0051,21.92,1299.638989,1,0.3,8.3,13.6
560,63,NRCS,32,NRCS-32,b,2.77,25mg,8.31,0.0078,0.0058,25.23,1299.638989,1,0.3,8.3,13.6
561,63,NRCS,32,NRCS-32,c,2.77,25mg,8.31,0.0098,0.0074,31.85,1299.638989,1,0.3,8.3,13.6
562,64,NRCS,33,NRCS-33,a,2.5,std,92.5,0.0332,0.0249,119.69,1440,1,3.7,5.2,14.8
563,64,NRCS,33,NRCS-33,b,2.5,std,92.5,0.0383,0.0288,138.04,1440,1,3.7,5.2,14.8
564,64,NRCS,33,NRCS-33,c,2.5,std,92.5,0.0292,0.0219,105.01,1440,1,3.7,5.2,14.8
565,64,NRCS,33,NRCS-33,a,0.62,15mg,22.94,0.0014,0.0011,20.88,5806.451613,1,3.7,5.2,14.8
566,64,NRCS,33,NRCS-33,b,0.62,15mg,22.94,0.0055,0.0041,79.77,5806.451613,1,3.7,5.2,14.8
567,64,NRCS,33,NRCS-33,c,0.62,15mg,22.94,0.0035,0.0026,50.33,5806.451613,1,3.7,5.2,14.8
568,64,NRCS,33,NRCS-33,a,1.04,25mg,38.48,0.0035,0.0026,30,3461.538462,1,3.7,5.2,14.8
569,64,NRCS,33,NRCS-33,b,1.04,25mg,38.48,0.0025,0.0018,21.23,3461.538462,1,3.7,5.2,14.8
570,64,NRCS,33,NRCS-33,c,1.04,25mg,38.48,0.0035,0.0026,30,3461.538462,1,3.7,5.2,14.8
571,65,NRCS,34,NRCS-34,a,2.5,std,112.5,0.3047,0.2285,1096.76,1440,1,4.5,5.4,7.4
572,65,NRCS,34,NRCS-34,b,2.5,std,112.5,0.3239,0.2429,1166.12,1440,1,4.5,5.4,7.4
573,65,NRCS,34,NRCS-34,c,2.5,std,112.5,0.3158,0.2369,1136.92,1440,1,4.5,5.4,7.4
574,65,NRCS,34,NRCS-34,a,0.24,15mg,10.8,0.0481,0.0361,1803.28,15000,1,4.5,5.4,7.4
575,65,NRCS,34,NRCS-34,b,0.24,15mg,10.8,0.0491,0.0368,1841.31,15000,1,4.5,5.4,7.4
576,65,NRCS,34,NRCS-34,c,0.24,15mg,10.8,0.043,0.0323,1613.13,15000,1,4.5,5.4,7.4
577,65,NRCS,34,NRCS-34,a,0.4,25mg,18,0.0846,0.0634,1903.39,9000,1,4.5,5.4,7.4
578,65,NRCS,34,NRCS-34,b,0.4,25mg,18,0.0836,0.0627,1880.57,9000,1,4.5,5.4,7.4
579,65,NRCS,34,NRCS-34,c,0.4,25mg,18,0.0765,0.0574,1720.85,9000,1,4.5,5.4,7.4
580,66,NRCS,35,NRCS-35,a,2.5,std,30,0.0156,0.0117,56.29,1440,1,1.2,6.8,34.4
581,66,NRCS,35,NRCS-35,b,2.5,std,30,0.0237,0.0178,85.5,1440,1,1.2,6.8,34.4
582,66,NRCS,35,NRCS-35,c,2.5,std,30,0.0187,0.014,67.24,1440,1,1.2,6.8,34.4
583,66,NRCS,35,NRCS-35,a,5,15mg,60,0.0379,0.0285,68.3,720,1,1.2,6.8,34.4
584,66,NRCS,35,NRCS-35,b,5,15mg,60,0.0359,0.0269,64.65,720,1,1.2,6.8,34.4
585,66,NRCS,35,NRCS-35,c,5,15mg,60,0.04,0.03,71.95,720,1,1.2,6.8,34.4
586,66,NRCS,35,NRCS-35,a,8.33,25mg,99.96,0.0633,0.0475,68.39,432.1728691,1,1.2,6.8,34.4
587,66,NRCS,35,NRCS-35,b,8.33,25mg,99.96,0.0613,0.046,66.2,432.1728691,1,1.2,6.8,34.4
588,66,NRCS,35,NRCS-35,c,8.33,25mg,99.96,0.0704,0.0528,76.06,432.1728691,1,1.2,6.8,34.4
589,67,NRCS,36,NRCS-36,a,2.5,std,30,0.0663,0.0498,238.83,1440,1,1.2,6.3,12.9
590,67,NRCS,36,NRCS-36,b,2.5,std,30,0.0674,0.0505,242.48,1440,1,1.2,6.3,12.9
591,67,NRCS,36,NRCS-36,c,2.5,std,30,0.0592,0.0444,213.27,1440,1,1.2,6.3,12.9
592,67,NRCS,36,NRCS-36,a,0.4,15mg,4.8,0,0,,9000,1,1.2,6.3,12.9
593,67,NRCS,36,NRCS-36,b,0.4,15mg,4.8,0,0,,9000,1,1.2,6.3,12.9
594,67,NRCS,36,NRCS-36,c,0.4,15mg,4.8,0,0,,9000,1,1.2,6.3,12.9
595,67,NRCS,36,NRCS-36,a,0.67,25mg,8.04,0,0,,5373.134328,1,1.2,6.3,12.9
596,67,NRCS,36,NRCS-36,b,0.67,25mg,8.04,0,0,,5373.134328,1,1.2,6.3,12.9
597,67,NRCS,36,NRCS-36,c,0.67,25mg,8.04,0,0,,5373.134328,1,1.2,6.3,12.9
598,68,NRCS,37,NRCS-37,a,2.5,std,70,0.0887,0.0665,319.15,1440,1,2.8,4.7,47
599,68,NRCS,37,NRCS-37,b,2.5,std,70,0.0856,0.0642,308.19,1440,1,2.8,4.7,47
600,68,NRCS,37,NRCS-37,c,2.5,std,70,0.0816,0.0612,293.59,1440,1,2.8,4.7,47
601,68,NRCS,37,NRCS-37,a,0.33,15mg,9.24,0,0,,10909.09091,1,2.8,4.7,47
602,68,NRCS,37,NRCS-37,b,0.33,15mg,9.24,0,0,,10909.09091,1,2.8,4.7,47
603,68,NRCS,37,NRCS-37,c,0.33,15mg,9.24,0,0,,10909.09091,1,2.8,4.7,47
604,68,NRCS,37,NRCS-37,a,0.55,25mg,15.4,0.4597,0.3448,7522.59,6545.454545,0,2.8,4.7,47
605,68,NRCS,37,NRCS-37,b,0.55,25mg,15.4,0.4597,0.3448,7522.59,6545.454545,0,2.8,4.7,47
606,68,NRCS,37,NRCS-37,c,0.55,25mg,15.4,0.4597,0.3448,7522.59,6545.454545,0,2.8,4.7,47
607,69,NRCS,39,NRCS-39,a,2.5,std,190,0.4597,0.3448,1654.97,1440,0,7.6,5.3,37.6
608,69,NRCS,39,NRCS-39,b,2.5,std,190,0.4597,0.3448,1654.97,1440,0,7.6,5.3,37.6
609,69,NRCS,39,NRCS-39,a,1.25,15mg,95,0.4597,0.3448,3309.94,2880,0,7.6,5.3,37.6
610,69,NRCS,39,NRCS-39,b,1.25,15mg,95,0.4597,0.3448,3309.94,2880,0,7.6,5.3,37.6
611,69,NRCS,39,NRCS-39,c,1.25,15mg,95,0.4597,0.3448,3309.94,2880,0,7.6,5.3,37.6
612,69,NRCS,39,NRCS-39,a,2.08,25mg,158.08,0.4597,0.3448,1989.15,1730.769231,0,7.6,5.3,37.6
613,69,NRCS,39,NRCS-39,b,2.08,25mg,158.08,0.4597,0.3448,1989.15,1730.769231,0,7.6,5.3,37.6
614,69,NRCS,39,NRCS-39,c,2.08,25mg,158.08,0.4597,0.3448,1989.15,1730.769231,0,7.6,5.3,37.6